{
  "cv_roc_auc": 0.7319643453060507,
  "cv_pr_auc": 0.19817990147421563,
  "cv_ks": 0.3510742952489681,
  "chosen_threshold_bad_rate<=5pct": 0.1
}